address,name
0x00550220,Image::Image
0x00550240,Image
0x00550260,png_pak_read_data
0x00550760,GetPNGImage
0x00550930,GetTGAImage
0x005502a0,ReadBlobBlock
0x00550a90,GetGIFImage
0x00551480,ImageLib::WriteJPEGImage
0x00553f50,GetJPEGImage
0x0055a560,PakInterface::AddPakFile
0x00528f00,p_fclose
0x0054aa50,CheckBassFunction
0x0054aab0,BASS_INSTANCE::BASS_INSTANCE
0x0054b060,BASS_INSTANCE
0x0054b080,BASS_INSTANCE::BASS_MusicSetAmplify
0x0054b0a0,BASS_INSTANCE::BASS_MusicPlay
0x0054b0c0,BASS_INSTANCE::BASS_MusicPlayEx
0x0054b100,BASS_INSTANCE::BASS_ChannelResume
0x0054b120,BASS_INSTANCE::BASS_StreamPlay
0x0054b150,Sexy::LoadBassDLL
0x0054b1b0,Sexy::FreeBassDLL
0x0052db40,BassMusicInfo::BassMusicInfo
0x0054fc60,BassMusicInterface::BassMusicInterface
0x0054fbc0,BassMusicInterface
0x0054f410,BassMusicInterface::LoadMusic
0x0054d360,BassMusicInterface::PlayMusic
0x0054d4a0,BassMusicInterface::StopMusic
0x0054cc50,BassMusicInterface::StopAllMusic
0x0054eac0,BassMusicInterface::UnloadMusic
0x0054ccd0,BassMusicInterface::UnloadAllMusic
0x0054d510,BassMusicInterface::PauseMusic
0x0054cdc0,BassMusicInterface::PauseAllMusic
0x0054ce60,BassMusicInterface::ResumeAllMusic
0x0054d580,BassMusicInterface::ResumeMusic
0x0054d5f0,BassMusicInterface::FadeIn
0x0054d740,BassMusicInterface::FadeOut
0x0054cf00,BassMusicInterface::FadeOutAll
0x0054b210,BassMusicInterface::SetVolume
0x0054d7b0,BassMusicInterface::SetSongVolume
0x0054d840,BassMusicInterface::SetSongMaxVolume
0x0054d8e0,BassMusicInterface::IsPlaying
0x0054d960,BassMusicInterface::SetMusicAmplify
0x0054cf80,BassMusicInterface::Update
0x0054d9f0,BassMusicInterface::GetMusicOrder
0x004fbbc0,GetUTF8Char
0x0050f220,Buffer::Buffer
0x00501020,Buffer
0x00503590,Buffer::UTF8ToWideString
0x004fbd20,Buffer::SeekFront
0x00501f90,Buffer::Clear
0x005119f0,Buffer::WriteByte
0x00511a90,Buffer::WriteNumBits
0x00511b90,Buffer::WriteBoolean
0x00511bb0,Buffer::WriteShort
0x00511be0,Buffer::WriteLong
0x00511c20,Buffer::WriteString
0x005169b0,Buffer::WriteLine
0x00511c80,Buffer::WriteBytes
0x0050d3a0,Buffer::SetData
0x004fce60,Buffer::ReadByte
0x004fcf50,Buffer::ReadNumBits
0x004fd030,Buffer::ReadBoolean
0x004fd040,Buffer::ReadShort
0x004fd070,Buffer::ReadLong
0x00503680,Buffer::ReadString
0x00503720,Buffer::ReadLine
0x004fd0b0,Buffer::ReadBytes
0x004fd0e0,Buffer::GetDataPtr
0x004fbd30,Buffer::GetDataLen
0x004fbd40,Buffer::AtEnd
0x00497dc0,ButtonPress
0x00401fe0,ButtonPress
0x00401fe0,ButtonDepress
0x00401fe0,ButtonDownTick
0x00401fe0,ButtonMouseEnter
0x00401fe0,ButtonMouseLeave
0x0054b790,ButtonMouseMove
0x00547fa0,ButtonWidget::ButtonWidget
0x00545c30,ButtonWidget
0x005408c0,ButtonWidget::SetFont
0x005408f0,ButtonWidget::IsButtonDown
0x00540910,ButtonWidget::HaveButtonImage
0x00540940,ButtonWidget::DrawButtonImage
0x00545cd0,ButtonWidget::Draw
0x00543000,ButtonWidget::SetDisabled
0x00541a80,ButtonWidget::MouseEnter
0x00541b40,ButtonWidget::MouseLeave
0x00540980,ButtonWidget::MouseMove
0x005409b0,ButtonWidget::MouseDown
0x005409e0,ButtonWidget::MouseUp
0x00540a20,ButtonWidget::Update
0x00492470,MouseDown
0x00497530,MouseUp
0x00547e90,Checkbox::Checkbox
0x005406e0,Checkbox::SetChecked
0x00540720,Checkbox::IsChecked
0x00540730,Checkbox::Draw
0x00540880,Checkbox::MouseDown
0x0053ea70,CheckboxChecked
0x004c2040,Color::Color
0x004c2060,Color::Color
0x004c20a0,Color::Color
0x004c20d0,Color::Color
0x004c2100,Color::Color
0x004c2120,Color::Color
0x004c2160,Color::ToInt
0x004fb900,Sexy::SRand
0x004fb920,Sexy::CheckFor98Mill
0x004fb9d0,Sexy::CheckForVista
0x00502eb0,Sexy::GetAppDataFolder
0x00507e00,Sexy::SetAppDataFolder
0x00502ee0,Sexy::URLEncode
0x005031f0,Sexy::StringToUpper
0x005032a0,Sexy::StringToLower
0x00503350,Sexy::StringToWString
0x00507ef0,Sexy::WStringToString
0x00503430,Sexy::StringToSexyString
0x00508080,Sexy::WStringToSexyString
0x00503460,Sexy::SexyStringToWString
0x005080b0,Sexy::Trim
0x00508150,Sexy::GetCurDir
0x0050d330,Sexy::GetFullPath
0x005081d0,Sexy::GetPathFrom
0x004fe170,Sexy::AllowAllAccess
0x00508b50,Sexy::Deltree
0x00508e10,Sexy::MkDir
0x004bcf30,Sexy::GetFileName
0x00508f10,Sexy::GetFileDir
0x00508fc0,Sexy::RemoveTrailingSlash
0x00509060,Sexy::AddTrailingSlash
0x004fe330,Sexy::GetFileDate
0x00509110,Sexy::vformat
0x00509270,Sexy::StrFormat
0x00509530,Sexy::XMLDecodeString
0x00503490,Sexy::Upper
0x004fba80,Sexy::StrFindNoCase
0x004fbb30,Sexy::StrPrefixNoCase
0x004fb8e0,CritSect::CritSect
0x004fb8f0,CritSect
0x004e46d0,GetD3D8AdapterInfo2
0x004e47c0,Sexy::GetD3D8AdapterInfo
0x004df3e0,D3DInterface::CheckDXError
0x004e95b0,D3DInterface::D3DInterface
0x004e7b20,D3DInterface
0x004c2200,D3DInterface::MakeDDPixelFormat
0x004c2460,EnumZBufferCallback
0x004df520,D3DInterface::InitD3D
0x004df720,D3DInterface::InitFromDDInterface
0x004c2490,D3DInterface::PreDraw
0x004df7a0,CreateTextureSurface
0x004df890,CopyImageToTexture
0x004c25f0,GetClosestPowerOf2Above
0x004c2610,IsPowerOf2
0x004c2630,GetBestTextureDimensions
0x004e7bb0,TextureData::TextureData
0x004e4cc0,TextureData
0x004dfa30,TextureData::ReleaseTextures
0x004e96b0,TextureData::CreateTextureDimensions
0x004e9950,TextureData::CreateTextures
0x004e9c60,TextureData::CheckCreateTextures
0x004d3f70,TextureData::GetTexture
0x004dfb20,SetLinearFilter
0x004dfbb0,TextureData::Blt
0x004c2860,Interpolate
0x004c2a50,D3DTestImage::D3DTestImage
0x004dbc80,D3DTestImage::D3DTestImage
0x004d4050,D3DTestImage
0x004d4060,D3DTestImage::Create
0x004c2a70,D3DTestImage::FreeImage
0x004c2a90,D3DTestImage::FillRect
0x004c2ae0,D3DTestImage::MakeVerticalBands
0x004e4e40,D3DTestImage::CopyToTexture8888
0x004e4f40,D3DTestImage::CopyToTexture4444
0x004e5080,D3DTestImage::DrawPieceToDevice
0x004e5210,D3DTestImage::DrawToDevice
0x004c2b20,D3DTestImage::ColorDistance
0x004c2b80,D3DTestImage::IsUniformColor
0x004c2c20,D3DTestImage::CheckUniformBands
0x004c2cc0,D3DTestHighBit
0x004dcd50,D3DTester::D3DTester
0x004dcdf0,D3DTester
0x004e1410,D3DTester::CheckRegistry
0x004dbcb0,D3DTester::WriteToRegistry
0x004e1890,D3DTester::IsSupportedCard
0x004e52b0,D3DTester::Init
0x004c2d00,D3DTester::Cleanup
0x004e1970,D3DTester::Fail
0x004e1990,D3DTester::Warn
0x004e19b0,D3DTester::CheckDXError
0x004e1b10,D3DTester::CopyPrimaryToTestImage
0x004e5cf0,D3DTester::TestAlphaBlend
0x004e5f80,D3DTester::TestAdditiveBlend
0x004e6210,D3DTester::TestAlphaAddBlend
0x004e64a0,D3DTester::TestAlphaModulate
0x004e6750,D3DTester::TestClipProblem
0x004e6940,D3DTester::DoTest
0x004c2d90,D3DTester::SetVidMemoryConstraints
0x004e6980,D3DTester::TestD3D
0x004e7d10,DDImage::DDImage
0x004e7db0,DDImage::DDImage
0x004e6a50,DDImage
0x004e6ac0,DDImage::Init
0x004d40b0,DDImage::Check3D
0x004c2db0,DDImage::Check3D
0x004d40e0,DDImage::LockSurface
0x004c2de0,DDImage::UnlockSurface
0x004c2e10,DDImage::SetSurface
0x004c3770,DDImage::DeleteDDSurface
0x004d4140,DDImage::ReInit
0x004d4210,DDImage::DeleteExtraBuffers
0x004c3810,DDImage::SetVideoMemory
0x004c3840,DDImage::RehupFirstPixelTrans
0x004c3950,DDImage::GetSurface
0x004e1c50,DDImage::PolyFill3D
0x004e1ca0,DDImage::FillRect
0x004c3970,DDImage::NormalDrawLine
0x004c4a00,DDImage::AdditiveDrawLine
0x004e1d60,DDImage::DrawLine
0x004c5540,DDImage::NormalDrawLineAA
0x004e1f80,DDImage::DrawLineAA
0x004e6af0,DDImage::GetBits
0x004c7960,DDImage::NormalFillRect
0x004c7dd0,DDImage::AdditiveFillRect
0x004d4260,DDImage::NormalBltMirror
0x004cb7f0,DDImage::AdditiveBlt
0x004d6400,DDImage::AdditiveBltMirror
0x004f6760,DDImage::Blt
0x004ec3b0,DDImage::BltMirror
0x004f69c0,DDImage::BltF
0x004e9fb0,DDImage::BltMatrix
0x004ea0e0,DDImage::BltTrianglesTex
0x004dbda0,DDImage::Palletize
0x004e6d30,DDImage::FillScanLinesWithCoverage
0x004eadb0,DDInterface::DDInterface
0x004e9330,DDInterface
0x004de930,DDInterface::ResultToString
0x004dea30,DDInterface::GotDXError
0x004c1d80,DDInterface::GetScreenImage
0x004c1d90,DDInterface::CreateSurface
0x004c1f70,DDInterface::ClearSurface
0x004e78b0,DDInterface::Do3DTest
0x004eafd0,DDInterface::Init
0x004e9440,DDInterface::SetVideoOnlyDraw
0x004e4c50,DDInterface::AddDDImage
0x004dec70,DDInterface::RemoveDDImage
0x004e7990,DDInterface::Cleanup
0x004ded10,DDInterface::Redraw
0x004d3740,DDInterface::RestoreOldCursorAreaFrom
0x004dda40,DDInterface::DrawCursorTo
0x004dde80,DDInterface::MoveCursorTo
0x004c2000,DDInterface::SetCursorImage
0x004de460,DDInterface::SetCursorPos
0x0054c8f0,DSoundManager::DSoundManager
0x00548f90,Dialog::Dialog
0x00497540,MouseUp
0x005469e0,DialogButton::Draw
0x00506e90,Sexy::GetDirectXErrorString
0x004cc850,Font::Font
0x004cc870,Font::Font
0x004cc8a0,Font
0x004cc8b0,Font::GetAscent
0x004cc8c0,Font::GetAscentPadding
0x004cc8d0,Font::GetDescent
0x00556c50,Font::GetHeight
0x004cc8e0,Font::GetLineSpacingOffset
0x004cc8f0,Font::GetLineSpacing
0x004cc900,Font::StringWidth
0x004de510,Font::CharWidth
0x004cc910,Font::CharWidthKern
0x004cc930,GraphicsState::CopyStateFrom
0x004dd1c0,Graphics::Graphics
0x004dd230,Graphics::Graphics
0x004dd310,Graphics
0x004e8050,Graphics::PushState
0x004dd320,Graphics::PopState
0x004dd380,Graphics::Create
0x004cc9c0,Graphics::GetFont
0x004cc9d0,Graphics::SetFont
0x004cc9e0,Graphics::SetColor
0x004cca20,Graphics::SetDrawMode
0x004cca40,Graphics::SetColorizeImages
0x004cca60,Graphics::SetFastStretch
0x004cca70,Graphics::SetLinearBlend
0x00004d7470,Graphics::FillRect
0x004d74e0,Graphics::FillRect
0x004d7500,Graphics::DrawRect
0x004d7600,Graphics::DrawRect
0x004cca80,Graphics::PFCompareInd
0x004ccab0,Graphics::PFCompareActive
0x004ccad0,Graphics::PFDelete
0x004ccb30,Graphics::PFInsert
0x004d7620,Graphics::DrawLineClipHelper
0x004d7790,Graphics::DrawLine
0x004ccfd0,Graphics::DrawString
0x004dbdc0,Graphics::DrawImage
0x004d7810,Graphics::DrawImage
0x004dbec0,Graphics::DrawImageMirror
0x004dbf00,Graphics::DrawImageMirror
0x004d7b00,Graphics::DrawImage
0x004d7b90,Graphics::DrawImage
0x004d7c00,Graphics::DrawImageF
0x004cd000,Graphics::DrawImageF
0x004dc0f0,Graphics::DrawImageRotated
0x004d7c80,Graphics::DrawImageRotatedF
0x004cd060,Graphics::DrawImageMatrix
0x004dc130,Graphics::DrawImageTransformHelper
0x004dc3e0,Graphics::DrawImageTransform
0x004dc4b0,Graphics::DrawImageTransformF
0x004dc480,Graphics::DrawImageTransform
0x004dc430,Graphics::DrawImageTransformF
0x004cd0d0,Graphics::DrawTriangleTex
0x004d7d70,Graphics::ClipRect
0x004d7dd0,Graphics::ClipRect
0x004cd190,Graphics::Translate
0x004de5d0,Graphics::DrawImageBox
0x004dd3f0,Graphics::DrawImageBox
0x004dc4e0,Graphics::DrawImageCel
0x004dc510,Graphics::DrawImageCel
0x004d7df0,Graphics::DrawImageCel
0x004d7e60,Graphics::DrawImageCel
0x004e2e90,Graphics::DrawStringColor
0x004e2ec0,Graphics::GetWordWrappedHeight
0x005007b0,HTTPTransfer::HTTPTransfer
0x00500860,HTTPTransfer
0x004fb7c0,HTTPTransfer::SocketWait
0x00510bf0,HTTPTransfer::GetThreadProc
0x00518ff0,HTTPTransfer::PrepareTransfer
0x00511440,HTTPTransfer::StartTransfer
0x00519260,HTTPTransfer::GetHelper
0x005193c0,HTTPTransfer::Get
0x00519400,HTTPTransfer::Get
0x00519490,HTTPTransfer::SendRequestString
0x004fb8d0,HTTPTransfer::Abort
0x00517dd0,HTTPTransfer::Reset
0x00516700,HTTPTransfer::UpdateStatus
0x00516900,HTTPTransfer::WaitFor
0x00516930,HTTPTransfer::GetResultCode
0x00516940,HTTPTransfer::GetContent
0x00548eb0,HyperlinkWidget::HyperlinkWidget
0x00544050,HyperlinkWidget::Draw
0x00541dd0,HyperlinkWidget::MouseEnter
0x00541df0,HyperlinkWidget::MouseLeave
0x004dcee0,Image::Image
0x004ea210,Image::Image
0x004e2f60,Image
0x004cd1f0,Image::GetWidth
0x004cd200,Image::GetHeight
0x004cd210,Image::GetCelHeight
0x004cd220,Image::GetCelWidth
0x004d7f00,Image::GetCelRect
0x004d7f40,Image::GetCelRect
0x004e8160,AnimInfo::AnimInfo
0x004ea2c0,AnimInfo::SetPerFrameDelay
0x004ea330,AnimInfo::Compute
0x004d7f80,AnimInfo::GetPerFrameCel
0x004d7fd0,AnimInfo::GetCel
0x004d80a0,Image::GetAnimCel
0x004d80c0,Image::DrawRect
0x004d81a0,Image::FillScanLines
0x004fc170,DataElement::DataElement
0x004fc180,DataElement
0x005013b0,SingleDataElement::SingleDataElement
0x005013e0,SingleDataElement
0x0050a9f0,SingleDataElement::Duplicate
0x0050f2b0,ListDataElement::ListDataElement
0x00502040,ListDataElement
0x00512210,ListDataElement::ListDataElement
0x00512480,ListDataElement::Duplicate
0x004d8200,CharData::CharData
0x004f98c0,FontData::FontData
0x004f99a0,FontData
0x004cd290,FontData::Ref
0x004e2fe0,FontData::Error
0x004e3120,FontData::DataToLayer
0x004f6e40,FontData::HandleCommand
0x004e3260,FontData::Load
0x004f9570,FontData::LoadLegacy
0x004d8240,ActiveFontLayer::ActiveFontLayer
0x004d82a0,ActiveFontLayer::ActiveFontLayer
0x004cd2b0,ActiveFontLayer
0x004f9c20,ImageFont::ImageFont
0x004f6b20,ImageFont::ImageFont
0x004f9b70,ImageFont::ImageFont
0x004f9d00,ImageFont::ImageFont
0x004e8460,ImageFont::GenerateActiveFontLayers
0x004dc540,ImageFont::StringWidth
0x004dcf10,ImageFont::CharWidthKern
0x00548980,ListWidget::ListWidget
0x00548aa0,ListWidget
0x00542470,ListWidget::RemovedFromManager
0x00543620,ListWidget::GetStringAt
0x00541710,ListWidget::GetLineCount
0x00541cf0,ListWidget::GetLineIdx
0x00548b30,ListWidget::RemoveLine
0x00548ce0,ListWidget::RemoveAll
0x005418f0,ListWidget::GetOptimalWidth
0x00541800,ListWidget::GetOptimalHeight
0x00541950,ListWidget::MouseMove
0x005401f0,ListWidget::MouseDown
0x00540230,ListWidget::MouseLeave
0x005402c0,ListWidget::MouseWheel
0x004e3b20,MemoryImage::MemoryImage
0x004e3b80,MemoryImage::MemoryImage
0x004eab00,MemoryImage::MemoryImage
0x004cd3a0,MemoryImage::Init
0x004cd430,MemoryImage::NormalDrawLine
0x004cdc70,MemoryImage::AdditiveDrawLine
0x004d8340,MemoryImage::DrawLine
0x004ce140,MemoryImage::NormalDrawLineAA
0x004d84c0,MemoryImage::DrawLineAA
0x004cf060,MemoryImage::GetNativeAlphaData
0x004cf270,MemoryImage::GetRLAlphaData
0x004cf4c0,MemoryImage::GetRLAdditiveData
0x004cf7d0,MemoryImage::DeleteExtraBuffers
0x004cf7f0,MemoryImage::ReInit
0x004cf960,MemoryImage::FillRect
0x004cfb30,MemoryImage::ClearRect
0x004cfbb0,MemoryImage::Clear
0x004cfc00,MemoryImage::AdditiveBlt
0x004d0640,MemoryImage::NormalBlt
0x004d13f0,MemoryImage::Blt
0x004d1440,MemoryImage::BltF
0x004d8930,MemoryImage::StretchBltClipHelper
0x004d8a20,MemoryImage::StretchBltMirrorClipHelper
0x004db1f0,MemoryImage::StretchBlt
0x004d2b50,MemoryImage::BltMatrix
0x004d2e60,MemoryImage::BltTrianglesTex
0x00523c70,Sexy::ModVal
0x00523cd0,Sexy::ModVal
0x0054b740,MusicInterface::MusicInterface
0x0054b750,MusicInterface
0x0054b770,MusicInterface::FadeIn
0x005001b0,SexyPerf::BeginPerf
0x0051a730,ResourceManager::ParseImageResource
0x0050a0d0,ResourceManager::LoadAlphaGridImage
0x0050a300,ResourceManager::LoadAlphaImage
0x00511e20,ResourceManager::DoLoadImage
0x0050d410,ResourceManager::DoLoadFont
0x00555350,Sexy::SWTri_AddDrawTriFunc
0x00524db0,SexyApp::SexyApp
0x00524ae0,SexyApp
0x00524ff0,SexyApp::Validate
0x00525960,SexyApp::ReadFromRegistry
0x00526580,SexyApp::WriteToRegistry
0x00527c70,SexyApp::OpenHTMLTemplate
0x005281f0,SexyApp::OpenRegisterPage
0x00524960,SexyApp::ShouldCheckForUpdate
0x005249d0,SexyApp::UpdateCheckQueried
0x00524a00,SexyApp::URLOpenSucceeded
0x005281f0,SexyApp::OpenRegisterPage
0x005266b0,SexyApp::CheckSignature
0x005269f0,SexyApp::HandleCmdLineParam
0x00526d80,SexyApp::GetGameSEHInfo
0x00527950,SexyApp::GetSEHWebParams
0x00527180,SexyApp::InitPropertiesHook
0x00527580,SexyApp::Init
0x00524ac0,SexyApp::UpdateFrames
0x00528fe0,GetSHGetFolderPath
0x0053d450,SexyAppBase::SexyAppBase
0x0053c8a0,SexyAppBase
0x00537720,ChangeDisplayWindowEnumProc
0x00529030,SexyAppBase::ClearUpdateBacklog
0x00529060,SexyAppBase::IsScreenSaver
0x00536520,SexyAppBase::ReadDemoBuffer
0x0052bc00,SexyAppBase::WriteDemoBuffer
0x0052b020,SexyAppBase::DemoSyncBuffer
0x005290a0,SexyAppBase::NewDialog
0x00529130,SexyAppBase::DoDialog
0x0052dbe0,SexyAppBase::GetDialog
0x0052e350,SexyAppBase::KillDialog
0x00534330,SexyAppBase::AddDialog
0x005291e0,SexyAppBase::DialogButtonPress
0x00529230,SexyAppBase::DialogButtonDepress
0x00529290,SexyAppBase::URLOpenSucceeded
0x0052e4b0,SexyAppBase::OpenURL
0x0052e570,SexyAppBase::GetProductVersion
0x005292b0,SexyAppBase::WaitForLoadingThread
0x005292e0,SexyAppBase::SetCursorImage
0x0052e6e0,SexyAppBase::TakeScreenshot
0x00538d00,SexyAppBase::DumpProgramInfo
0x00529300,SexyAppBase::GetLoadingThreadProgress
0x0052eb20,SexyAppBase::RegistryWrite
0x0052ee50,SexyAppBase::RegistryWriteString
0x0052eeb0,SexyAppBase::RegistryWriteBoolean
0x0052eee0,SexyAppBase::WriteToRegistry
0x00532780,SexyAppBase::RegistryRead
0x0052f450,SexyAppBase::RegistryReadKey
0x005327b0,SexyAppBase::RegistryReadString
0x00532860,SexyAppBase::RegistryReadInteger
0x005328b0,SexyAppBase::RegistryReadBoolean
0x005328e0,SexyAppBase::ReadFromRegistry
0x0052f7b0,SexyAppBase::WriteBytesToFile
0x0052fa40,SexyAppBase::WriteBufferToFile
0x0052fa70,SexyAppBase::ReadBufferFromFile
0x0052b680,SexyAppBase::FileExists
0x0052b740,SexyAppBase::EraseFile
0x00529350,SexyAppBase::SEHOccured
0x0052ff80,SexyAppBase::GetGameSEHInfo
0x0053b5f0,SexyAppBase::Shutdown
0x005378c0,SexyAppBase::RestoreScreenResolution
0x00537900,SexyAppBase::DoExit
0x00535840,SexyAppBase::UpdateFrames
0x00529390,SexyAppBase::DoUpdateFramesF
0x0052b1f0,SexyAppBase::DoUpdateFrames
0x00530410,CalculateFPS
0x00530700,FPSDrawCoords
0x00530960,CalculateDemoTimeLeft
0x005293c0,UpdateScreenSaverInfo
0x00530c70,SexyAppBase::DrawDirtyStuff
0x00530f90,SexyAppBase::LogScreenSaverError
0x005294f0,SexyAppBase::BeginPopup
0x0052b2e0,SexyAppBase::EndPopup
0x0052b790,SexyAppBase::MsgBox
0x0052be10,SexyAppBase::MsgBox
0x00531110,SexyAppBase::Popup
0x005312b0,SexyAppBase::Popup
0x00534440,SexyAppBase::SafeDeleteWidget
0x0052bef0,MarkerListDialogProc
0x0052c219,ListDemoMarkers
0x00531490,JumpToTimeDialogProc
0x005317b9,DemoJumpToTime
0x00529530,ToggleDemoSoundVolume
0x005295f0,ScreenSaverWindowProc
0x00534490,SexyAppBase::WindowProc
0x00529ab0,SexyAppBase::HandleNotifyGameMessage
0x00529b00,SexyAppBase::RehupFocus
0x00529ba0,SexyAppBase::ClearKeysDown
0x00529be0,SexyAppBase::WriteDemoTimingBlock
0x00529c70,SexyAppBase::PrepareDemoCommand
0x00536a60,SexyAppBase::ShowMemoryUsage
0x0052a0a0,SexyAppBase::IsAltKeyUsed
0x0053b8a0,SexyAppBase::DebugKeyDown
0x0052c330,SexyAppBase::ProcessDeferredMessages
0x0053bc00,SexyAppBase::MakeWindow
0x0052cf50,SexyAppBase::DeleteNativeImageData
0x0052cfc0,SexyAppBase::DeleteExtraImageData
0x0052d090,SexyAppBase::ReInitImages
0x0052a0e0,SexyAppBase::LoadingThreadProcStub
0x0052a150,SexyAppBase::StartLoadingThread
0x0052a190,SexyAppBase::CursorThreadProc
0x0052a2b0,SexyAppBase::CursorThreadProcStub
0x0052a2d0,SexyAppBase::StartCursorThread
0x0053c2b0,SexyAppBase::SwitchScreenMode
0x0052b320,SexyAppBase::SwitchScreenMode
0x0052b340,SexyAppBase::SwitchScreenMode
0x0052a310,SexyAppBase::SetAlphaDisabled
0x0052a360,SexyAppBase::EnforceCursor
0x0052d100,SexyAppBase::ProcessSafeDeleteList
0x0052a570,SexyAppBase::UpdateFTimeAcc
0x0052d210,SexyAppBase::Process
0x0052a5f0,SexyAppBase::DoMainLoop
0x0052d760,SexyAppBase::UpdateAppStep
0x0052a630,SexyAppBase::UpdateApp
0x0052b360,SexyAppBase::InitDDInterface
0x0052d8e0,SexyAppBase::Start
0x0054b760,SexyAppBase::CheckSignature
0x005319c0,SexyAppBase::LoadProperties
0x0053c370,SexyAppBase::LoadResourceManifest
0x00537920,SexyAppBase::ShowResourceError
0x0052dcd0,SexyAppBase::GetBoolean
0x0052dd40,SexyAppBase::GetString
0x00535880,SexyAppBase::SetString
0x00535960,SexyAppBase::SetBoolean
0x00535a20,SexyAppBase::SetInteger
0x00535ae0,SexyAppBase::SetDouble
0x00531da0,SexyAppBase::DoParseCmdLine
0x00537260,GetMaxDemoFileNum
0x005379a0,SexyAppBase::HandleCmdLineParam
0x00437350,SexyAppBase::ChangeDirHook
0x0052a690,SexyAppBase::CreateMusicInterface
0x00537f60,SexyAppBase::Init
0x00538a20,SexyAppBase::HandleGameAlreadyRunning
0x0052b810,SexyAppBase::CopyToClipboard
0x00531fd0,SexyAppBase::GetClipboard
0x0052a790,SexyAppBase::SetCursor
0x0052a7d0,SexyAppBase::CopyImage
0x0052b430,SexyAppBase::CopyImage
0x0052a8a0,SexyAppBase::HSLToRGB
0x0052aa10,SexyAppBase::PlaySample
0x0052aa50,SexyAppBase::PlaySample
0x0052aab0,SexyAppBase::Mute
0x0052ab00,SexyAppBase::Unmute
0x0052ab70,SexyAppBase::SetMusicVolume
0x0052abc0,SexyAppBase::SetSfxVolume
0x00532d90,SexyAppBase::AddMemoryImage
0x005322a0,SexyAppBase::RemoveMemoryImage
0x0052ac40,SexyAppBase::Remove3DData
0x0052ac60,SexyAppBase::Is3DAccelerated
0x0052b4a0,SexyAppBase::Is3DAccelerationRecommended
0x0052ac70,SexyAppBase::DemoSyncRefreshRate
0x00538a60,SexyAppBase::Set3DAcclerated
0x00534fd0,SexyAppBase::CleanSharedImages
0x004fae10,SexyMatrix3::LoadIdentity
0x004faf40,SexyTransform2D::SexyTransform2D
0x004faf50,SexyTransform2D::SexyTransform2D
0x004fce10,Transform::Transform
0x004d3160,SharedImageRef::SharedImageRef
0x004d3190,SharedImageRef::SharedImageRef
0x004d31a0,SharedImageRef::SharedImageRef
0x004db370,SharedImageRef
0x004d31c0,SharedImageRef::Release
0x004dcb00,SysFont::SysFont
0x004dcb40,SysFont::SysFont
0x004dc5c0,SysFont::Init
0x004d2ee0,SysFont::SysFont
0x004d2f50,SysFont
0x004dc6a0,SysFont::StringWidth
0x004e3e50,SysFont::DrawString
0x004d2f70,SysFont::Duplicate
0x00547b40,Widget::Widget
0x00543bf0,Widget
0x00542cb0,Widget::WidgetRemovedHelper
0x00492760,Widget::IsPointVisible
0x00542da0,Widget::SetVisible
0x0053e8e0,Widget::DrawOverlay
0x00543c40,Widget::SetColors
0x00543cb0,Widget::SetColors
0x00548720,Widget::SetColor
0x005410d0,Widget::GetColor
0x00541180,Widget::GetColor
0x00542de0,Widget::Resize
0x0053e900,Widget::Resize
0x0053e930,Widget::Move
0x0053e960,Widget::WantsFocus
0x00542e40,Widget::SetDisabled
0x0053e970,Widget::GotFocus
0x0053e980,Widget::LostFocus
0x0053e990,Widget::Update
0x0053e9a0,Widget::KeyDown
0x0053e9e0,Widget::ShowFinger
0x0052a680,Widget::MouseEnter
0x0053ea10,Widget::MouseDown
0x00492470,Widget::MouseDown
0x00497530,Widget::MouseUp
0x0053ea80,Widget::MouseUp
0x0054b780,Widget::MouseUp
0x00423540,Widget::MouseDrag
0x00541200,Widget::WriteCenteredLine
0x00541280,Widget::WriteCenteredLine
0x0053eaf0,Widget::WriteString
0x0053eb40,Widget::WriteWordWrapped
0x0053eb80,Widget::GetWordWrappedHeight
0x0053eba0,Widget::GetNumDigits
0x0053ebd0,Widget::WriteNumberFromStrip
0x0053ecc0,Widget::Contains
0x00541390,Widget::GetInsetRect
0x005487c0,Widget::DeferOverlay
0x0053ed00,Widget::Layout
0x005431d0,WidgetContainer::WidgetContainer
0x00542560,WidgetContainer
0x00542570,WidgetContainer::RemoveAllWidgets
0x00540eb0,WidgetContainer::GetRect
0x00540ee0,WidgetContainer::Intersects
0x005481f0,WidgetContainer::AddWidget
0x005432b0,WidgetContainer::HasWidget
0x00543310,WidgetContainer::RemoveWidget
0x005425d0,WidgetContainer::GetWidgetAtHelper
0x00541eb0,WidgetContainer::IsBelowHelper
0x00541f30,WidgetContainer::IsBelow
0x00541f50,WidgetContainer::MarkAllDirty
0x00547420,WidgetContainer::InsertWidgetHelper
0x00547580,WidgetContainer::BringToFront
0x00547650,WidgetContainer::BringToBack
0x00547720,WidgetContainer::PutBehind
0x00547820,WidgetContainer::PutInfront
0x00540f50,WidgetContainer::GetAbsPos
0x00541fb0,WidgetContainer::AddedToManager
0x00542010,WidgetContainer::RemovedFromManager
0x0053e2f0,WidgetContainer::MarkDirty
0x0053e310,WidgetContainer::MarkDirtyFull
0x005433e0,WidgetContainer::MarkDirtyFull
0x00542090,WidgetContainer::MarkDirty
0x0053e330,WidgetContainer::Update
0x00542150,WidgetContainer::UpdateAll
0x00497dc0,WidgetContainer::UpdateF
0x005422d0,WidgetContainer::UpdateFAll
0x00497dc0,WidgetContainer::Draw
0x00549520,WidgetContainer::DrawAll
0x0052a680,WidgetContainer::SysColorChanged
0x00542410,WidgetContainer::SysColorChangedAll
0x00497dc0,WidgetContainer::DisableWidget
0x00497dc0,WidgetContainer::SetFocus
0x00547950,WidgetManager::WidgetManager
0x00543ba0,WidgetManager
0x00540fb0,WidgetManager::DisableWidget
0x0053e340,WidgetManager::GetWidgetFlags
0x005427a0,WidgetManager::GetAnyWidgetAt
0x005427d0,WidgetManager::GetWidgetAt
0x00541030,WidgetManager::DoMouseUps
0x005482a0,WidgetManager::DeferOverlay
0x005482e0,WidgetManager::FlushDeferredOverlayWidgets
0x0053e380,WidgetManager::DoMouseUps
0x0053e450,WidgetManager::MouseEnter
0x0053e480,WidgetManager::MouseLeave
0x0053e4b0,WidgetManager::SetBaseModal
0x00547aa0,WidgetManager::AddBaseModal
0x00547b20,WidgetManager::AddBaseModal
0x00542800,WidgetManager::RemoveBaseModal
0x0053e5a0,WidgetManager::Resize
0x0053e610,WidgetManager::SetFocus
0x0053e670,WidgetManager::GotFocus
0x00541070,WidgetManager::LostFocus
0x0053e6a0,WidgetManager::InitModalFlags
0x005484a0,WidgetManager::DrawScreen
0x0053e6e0,WidgetManager::UpdateFrame
0x0053e720,WidgetManager::UpdateFrameF
0x0053e770,WidgetManager::RemovePopupCommandWidget
0x005428f0,WidgetManager::MousePosition
0x005429a0,WidgetManager::RehupMouse
0x00542a10,WidgetManager::MouseUp
0x00542ab0,WidgetManager::MouseDown
0x00543270,WidgetManager::MouseMove
0x00542bc0,WidgetManager::MouseDrag
0x0053e790,WidgetManager::MouseExit
0x0053e7d0,WidgetManager::MouseWheel
0x0053e800,WidgetManager::KeyChar
0x0053e850,WidgetManager::KeyDown
0x0053e890,WidgetManager::KeyUp
0x0050f120,XMLParser::XMLParser
0x00500080,XMLParser
0x00506260,XMLParser::Fail
0x004faa90,XMLParser::GetAsciiChar
0x004faae0,XMLParser::GetUTF8Char
0x004facd0,XMLParser::GetUTF16Char
0x005062c0,XMLParser::OpenFile
0x00510b50,XMLParser::SetStringSource
0x00514ef0,XMLParser::NextElement
0x004bbe20,DataReader::DataReader
0x004bbec0,DataReader
0x004bbed0,DataReader::OpenMemory
0x004bbf30,DataReader::OpenFile
0x004bbe60,DataReader::Close
0x004bbf70,DataReader::ReadBytes
0x004bc190,DataReader::ReadLong
0x004bc1b0,DataReader::ReadShort
0x004bc1d0,DataReader::ReadByte
0x004bc1f0,DataReader::ReadBool
0x004bc200,DataReader::ReadFloat
0x004bbd20,DataWriter
0x004bb810,DataSync::DataSync
0x004bb940,DataSync::DataSync
0x004ba7f0,DataSync::SyncBytes
0x004ba810,DataSync::SyncLong
0x004ba920,DataSync::SyncBool
0x004ba980,DataSync::SyncFloat
0x004ba9b0,DataSync::SyncString
0x00407450,GameStats::GameStats
0x00402ed0,GameStats::Add
0x00402eb0,GameStats::CheckBestShot
0x00402f50,GameStats::GetTotalFreeBalls
0x00407460,GameStats::GetTotalStylePoints
0x00402f60,GameStats::GetTotalStyleShots
0x00402da0,GameStats::Reset
0x00402e00,GameStats::SyncState
0x004b1fe0,LoadingScreen::LoadingScreen
0x004a6e70,LoadingScreen
0x00494510,LoadingScreen::DrawOverlay
0x004948d0,LoadingScreen::ButtonDepress
0x004948b0,LoadingScreen::ButtonPress
0x004a7250,LoadingScreen::Draw
0x00494890,LoadingScreen::KeyChar
0x004b4270,LoadingScreen::Update
0x00494370,LoadingScreen::DoBallBounce
0x004a71f0,LoadingScreen::DoLevelLoadMusic
0x00494420,LoadingScreen::DrawLight
0x004998c0,LoadingScreen::DrawParticles
0x004b40b0,LoadingScreen::UpdateBall
0x0049f2d0,LoadingScreen::UpdateParticles
0x004b3b90,LoadingScreen::SpawnParticles
0x004a6f90,LoadingScreen::LevelLoadMusicThreadProc
0x00431560,WinMain
0x00412940,PlayerInfo::DeleteSavedGame
0x004129c0,PlayerInfo::DeleteSavedGames
0x00403870,PlayerInfo::JustBeatAdventure
0x004038a0,PlayerInfo::JustStartingAdventure
0x00426bd0,PlayerInfo::LoadDetails
0x0041f820,PlayerInfo::RestartAdventure
0x00426d60,PlayerInfo::SaveDetails
0x00426f00,PlayerInfo::SaveIfDirty
0x004036e0,PlayerInfo::SetColorblind
0x00403750,PlayerInfo::SetComputerPlayer
0x00403770,PlayerInfo::SetComputerSkill
0x00403700,PlayerInfo::SetSelCharacter
0x00403720,PlayerInfo::SetSelCharacters
0x00421a00,PlayerInfo::SubmitAdventureHighScore
0x00403670,PlayerInfo::SyncSummary
0x0041f9f0,Sexy::ExtractResourcesByName
0x004129f0,Sexy::ExtractAdventureResources
0x00412b20,Sexy::ExtractCharacterResources
0x004130b0,Sexy::ExtractDialogResources
0x00414210,Sexy::ExtractGameResources
0x004161e0,Sexy::ExtractHelpResources
0x004163d0,Sexy::ExtractIPResources
0x00416cb0,Sexy::ExtractInitResources
0x00417290,Sexy::ExtractInterfaceResources
0x00417ea0,Sexy::ExtractLevelSelectResources
0x004183d0,Sexy::ExtractLoadResources
0x00418900,Sexy::ExtractLoadingThreadResources
0x0041a000,Sexy::ExtractLuckySpinResources
0x0041a420,Sexy::ExtractMainMenuResources
0x0041abf0,Sexy::ExtractStoryResources
0x0041adf0,Sexy::ExtractUpsellResources
0x0041b9f0,Sexy::LoadImageById
0x0041bab0,Sexy::ReplaceImageById
0x00403930,Sexy::GetStringIdById
0x0049ba30,ThunderButton::ThunderButton
0x0049d440,ThunderButton::Draw
0x00496d30,ThunderButton::MouseDown
0x00496c50,ThunderButton::MouseEnter
0x00496d70,ThunderButton::MouseUp
0x00496da0,ThunderButton::Update
0x00496c40,ThunderButton::StopBlink
0x00496c00,ThunderButton::Blink
0x0049e7c0,ThunderCheckbox::ThunderCheckbox
0x0049ecb0,ThunderCheckbox
0x0049bb10,ThunderCheckbox::Draw
0x004970b0,ThunderCheckbox::MouseDown
0x00497010,ThunderCheckbox::MouseEnter
0x00497130,ThunderCheckbox::MouseLeave
0x00497100,ThunderCheckbox::MouseUp
0x00497050,ThunderCheckbox::Update
0x0049c390,Sexy::SwapRect
0x004056c0,Sexy::MakeWinButton
0x00405020,Sexy::DrawScreenFrame
0x004936b0,Sexy::GetLoadTime
0x004942f0,Sexy::SolveLinearSystem
0x004bc4b0,Sexy::InterpValF
0x00497750,ThunderDialog::GetLeft
0x00405970,ThunderballApp::GetMusicOrder
0x00405740,ThunderballApp::LoadLevelMusic
0x004234c0,ThunderballApp::ScrollOn
0x0041c810,ThunderballApp::SetColorblind
0x00405940,ThunderballApp::SetFeverVolume
0x00405900,ThunderballApp::SetMusicVolume
0x00405920,ThunderballApp::SetSfxVolume
0x004296c0,ThunderballApp::ShowLoadingScreen
0x00421a70,ThunderballApp::LoadingThreadProc
0x0040c0a0,ThunderballApp::NewDialog
0x0042d2d0,ThunderballApp::UpdateFrames
0x0049c230,TrophyScreen::CanSelectTrophy
0x00405ff0,MovingWidget::MovingWidget
0x00406010,MovingWidget::Update
0x0040d390,WidgetMover::WidgetMover
0x0040c700,WidgetMover::Clear
0x00421d90,WidgetMover::GetWidgetData
0x00408550,WidgetMover::IsMoving
0x0040c7a0,WidgetMover::RemoveWidget
0x00421f80,WidgetMover::ScrollOff
0x00421e40,WidgetMover::ScrollOn
0x0040c670,WidgetMover::Update
0x004220d0,WidgetMover::WillRemove
